{
	"credit": "Made with Blockbench",
	"textures": {
		"0": "geo:textures/item/Phone_001",
		"1": "geo:textures/item/Phone_002",
		"particle": "block/Phone_001"
	},
	"elements": [
		{
			"from": [5, 0, 3],
			"to": [10, 1, 13],
			"rotation": {"angle": 0, "axis": "y", "origin": [16, 8, 22]},
			"faces": {
				"north": {"uv": [0, 0, 5, 1], "texture": "#1"},
				"east": {"uv": [0, 0, 10, 1], "texture": "#1"},
				"south": {"uv": [0, 0, 5, 1], "texture": "#1"},
				"west": {"uv": [0, 0, 10, 1], "texture": "#1"},
				"up": {"uv": [0, 0, 5, 10], "texture": "#0"},
				"down": {"uv": [0, 0, 5, 10], "texture": "#1"}
			}
		},
		{
			"from": [4, 0, 4],
			"to": [5, 1, 12],
			"rotation": {"angle": 0, "axis": "y", "origin": [12, 8, 9]},
			"faces": {
				"north": {"uv": [0, 0, 1, 1], "texture": "#1"},
				"east": {"uv": [0, 0, 8, 1], "texture": "#missing"},
				"south": {"uv": [0, 0, 1, 1], "texture": "#1"},
				"west": {"uv": [0, 0, 8, 1], "texture": "#1"},
				"up": {"uv": [0, 0, 1, 8], "texture": "#1"},
				"down": {"uv": [0, 0, 1, 8], "texture": "#1"}
			}
		},
		{
			"from": [10, 0, 4],
			"to": [11, 1, 12],
			"rotation": {"angle": 0, "axis": "y", "origin": [18, 8, 9]},
			"faces": {
				"north": {"uv": [0, 0, 1, 1], "texture": "#0"},
				"east": {"uv": [0, 0, 8, 1], "texture": "#1"},
				"south": {"uv": [0, 0, 1, 1], "texture": "#1"},
				"west": {"uv": [0, 0, 8, 1], "texture": "#missing"},
				"up": {"uv": [0, 0, 1, 8], "texture": "#1"},
				"down": {"uv": [0, 0, 1, 8], "texture": "#1"}
			}
		}
	],
	"display": {
		"thirdperson_righthand": {
			"rotation": [88, 0, 0],
			"translation": [0.25, 3.5, 8.5]
		},
		"thirdperson_lefthand": {
			"rotation": [88, 0, 0],
			"translation": [-0.5, 3.5, 8.5]
		},
		"firstperson_righthand": {
			"rotation": [69, 0, 0],
			"translation": [-8.5, 11, 8.25]
		},
		"firstperson_lefthand": {
			"rotation": [69, 0, 0],
			"translation": [-9.5, 11, 8.25]
		},
		"ground": {
			"translation": [0, 5, 0]
		},
		"gui": {
			"rotation": [90, 0, 0],
			"translation": [1, 0, 0],
			"scale": [1.25, 1.25, 1.25]
		},
		"head": {
			"translation": [0.75, 14.5, 0]
		},
		"fixed": {
			"rotation": [-90, 0, 0],
			"translation": [0, 0, -8]
		}
	}
}